NOM;ADRESSE;DATE DE NAISSANCE
Cain Blankenship;840-5149 Mauris Street;3, Oct  1991
Hasad Briggs;998-8895 Lacus Avenue;19, Aug  1994
Dane Rhodes;1824 Egestas Av.;17, Jan  1994
Stone Cash;6484 Dictum Rd.;17, Aug  1990
Fritz Goodwin;1760 Egestas. St.;17, Jul  1987
Vladimir Day;2837 Non Av.;17, May  1988
Wallace Carney;4491 Tristique Street;13, Feb  1992
Wyatt Lloyd;P.O. Box 319, 4438 Et Rd.;9, Jul  1991
Emerson Herman;5355 Dictum. Rd.;6, Jul  1985
Damon Noble;150-1706 Ipsum Rd.;15, Mar  1992
Marvin Johnston;Ap #495-6212 Dui Street;6, Nov  1992
Conan Harrington;574-9631 Aptent Avenue;6, Apr  1990
Uriel Schroeder;P.O. Box 561, 2543 Penatibus St.;8, Oct  1990
Ryder Moran;P.O. Box 322, 6765 Sociosqu Av.;12, Aug  1987
Jordan Morrison;P.O. Box 152, 7479 Egestas Av.;16, Oct  1994
Asher Harrison;P.O. Box 714, 3195 Nibh. Ave;5, Jan  1989
Jesse Hensley;Ap #827-4248 Non, Rd.;11, Dec  1989
Hamish Wilcox;Ap #766-5766 Egestas. Road;21, Jul  1985
Owen Romero;Ap #841-4392 Et Ave;7, Jul  1994
Christian Carver;P.O. Box 480, 1867 Eu St.;26, Nov  1989
Dexter Combs;483-632 At St.;24, Jan  1992
Jason Carver;586-7051 Est Road;5, Mar  1993
Ryder Bowman;1969 Pretium St.;3, May  1989
Rafael Riddle;910-8707 Faucibus. Rd.;17, Jul  1991
Vernon Puckett;Ap #407-8442 Risus Av.;2, Aug  1986
Yasir Cummings;451-4999 Ac Road;22, Apr  1993
Cruz Oliver;507-3456 Enim Street;3, Jul  1988
Alexander David;P.O. Box 583, 7648 Urna Ave;28, Apr  1989
Bruce May;8676 Lectus Avenue;10, Aug  1990
Brett Buckner;516-708 Suspendisse Ave;31, Aug  1993
Noah Lancaster;5253 Sem Avenue;12, Jun  1992
Tate Conway;P.O. Box 365, 1919 Blandit Av.;19, Jan  1994
Rajah Williamson;6091 Cras Rd.;28, Oct  1987
Kirk Goff;Ap #447-8903 Sed St.;7, Apr  1992
Addison Dean;Ap #550-2193 Cursus. Av.;23, Mar  1987
Gabriel Parks;P.O. Box 827, 1642 Neque Road;22, Oct  1992
Zane Hull;P.O. Box 824, 1964 Lacus. Av.;16, Feb  1995
Kareem Cantrell;Ap #541-4917 Cursus St.;30, Oct  1987
Vance Douglas;P.O. Box 658, 747 Ullamcorper Rd.;3, Nov  1987
Omar Reid;644-3196 Ac Ave;26, Feb  1995
Abraham Cook;521-1067 Diam. Rd.;8, Apr  1993
Baker Romero;Ap #303-8121 Neque. Av.;27, Jul  1989
Bert Thornton;Ap #898-9641 Sit Rd.;18, May  1992
Leo Stark;P.O. Box 854, 5443 Sapien, Av.;29, Aug  1988
Brock Hardy;7448 Est, Road;23, Sep  1994
Rooney Black;4047 Donec St.;14, Jan  1992
Gary Buchanan;9022 Ornare Avenue;10, Dec  1992
Kennedy Salazar;Ap #689-8981 Turpis Street;26, May  1994
Levi Schneider;2341 Consequat, St.;20, Apr  1993
Tad Irwin;293-3661 Eu Rd.;26, Apr  1992
Duncan Horn;354 Sed Avenue;17, Jan  1995
Felix Ferguson;P.O. Box 227, 7572 Nisi Street;23, Oct  1986
Nissim Dunlap;Ap #836-1130 Fringilla St.;22, Aug  1986
Ivor Wilkerson;Ap #717-7480 At St.;19, Jun  1993
Xanthus Holden;826-7475 Dictum Road;23, Aug  1989
Scott Stark;710-9521 Quam, Ave;15, Apr  1987
Linus Crane;Ap #531-8136 Congue Rd.;10, Nov  1985
Troy Howe;4394 Habitant Rd.;28, Sep  1990
Ahmed Tillman;5064 Pede Ave;28, Nov  1993
Walker Barton;P.O. Box 824, 2849 Nec St.;31, May  1988
Philip Dawson;7170 Magna. Road;19, Feb  1989
Vincent Aguilar;9608 Duis St.;23, May  1992
Marshall Blevins;2276 Massa St.;30, Jul  1985
Berk Martinez;9856 Malesuada Road;20, Sep  1992
Brent Booker;Ap #100-5891 Diam. St.;21, Jun  1990
Garth Welch;9169 At Avenue;6, Oct  1992
Luke Vinson;3301 Nam Av.;6, Sep  1994
Valentine Rivers;P.O. Box 352, 8476 Eros Av.;21, Apr  1991
Justin Dillon;1230 Et Av.;27, Apr  1990
Peter Snider;864-6497 Urna, Ave;7, Mar  1986
Herrod Quinn;5755 Aliquet Rd.;17, Apr  1987
Owen Petty;P.O. Box 661, 2810 Ut Rd.;21, Jan  1987
Ross Goff;Ap #990-7780 Sem Rd.;3, Feb  1994
Raymond Adams;612 Posuere Street;26, Aug  1990
Byron Vargas;201-9624 Nibh Street;26, Jan  1989
Isaiah Fields;P.O. Box 432, 5695 Tincidunt. Ave;5, Apr  1995
Darius Ortega;P.O. Box 473, 1220 Fusce Road;16, Jun  1986
Hakeem Hampton;Ap #780-4677 Morbi Avenue;31, Jan  1994
Eaton Mccarty;Ap #131-6329 Commodo St.;28, Oct  1992
Malcolm Richard;Ap #371-2743 Imperdiet Rd.;26, Jul  1989
Arsenio Whitley;Ap #513-6468 Auctor Street;1, Jul  1989
Alexander Oliver;Ap #232-8744 Suspendisse St.;19, Nov  1990
Brent Ware;P.O. Box 404, 5657 Nisi Ave;2, Jun  1993
Keane Stephens;P.O. Box 895, 2723 Facilisis Rd.;31, Dec  1992
Gannon Stokes;Ap #848-5002 Purus. St.;24, Aug  1991
Dylan Johnson;P.O. Box 621, 3847 Magna St.;11, Sep  1989
Lucas Mitchell;P.O. Box 557, 9003 Tincidunt Avenue;14, Aug  1986
Keith Ross;7977 Convallis, Avenue;28, Nov  1989
Burke Mejia;P.O. Box 303, 3478 Maecenas Av.;16, Jul  1992
Cyrus Hardin;P.O. Box 804, 8341 Nunc Av.;20, Jun  1989
Dante Rocha;2255 Lectus Rd.;1, Aug  1992
Bernard Murray;3216 Lacus. Road;30, Jun  1989
Gannon Vaughan;5873 Mi. Rd.;8, Aug  1988
Holmes Ochoa;P.O. Box 466, 1047 Lectus Street;22, Oct  1986
Orson Rosales;2609 Ultrices. Rd.;17, Feb  1995
Jackson Sharpe;Ap #846-3009 Ante St.;14, Sep  1992
Igor Macdonald;206-2622 Donec Street;27, Sep  1987
Vladimir Pitts;Ap #857-9624 Sagittis. Ave;22, Jul  1989
Dorian Blackburn;Ap #586-7335 Fusce Avenue;8, Oct  1986
Marshall Cooper;178-6861 Nunc St.;30, Nov  1994
